date,IssueComment,openIssue,openPR,ReviewComment,mergePR
2021-01-01,0.0,0.0,0.0,0.0,0.0
2021-01-02,0.06890732699351654,0.0,0.0,0.0,0.09168497541369476
2021-01-03,0.09860876104244609,0.0,0.03905522543389562,0.04695493497912995,0.13120436136787353
2021-01-04,0.31575696956155086,0.22218405933451998,0.1535274379125552,0.04371666360125892,0.2596832478423554
2021-01-05,0.4834757760653384,0.5401371097615055,0.2210497896139633,0.04070172128393072,0.2417740583359861
2021-01-06,0.6224009365791066,0.7250703339400596,0.20580497653713825,0.03789470602296997,0.31678496076099216
2021-01-07,0.5794767340564095,0.6750654833235037,0.23066675531330016,0.03528127802138584,0.3407802097946677
2021-01-08,0.7290079705950343,1.0728773617633365,0.2538139286566234,0.03284808643370406,0.45480558948109473
2021-01-09,0.747638885823376,0.9988858195727615,0.23630951978375284,0.030582701162414124,0.4234396867582607
2021-01-10,0.7133044151011776,1.1521812016953668,0.22001231152280437,0.0284735493581097,0.39423694974044954
2021-01-11,0.6813378389115445,1.4059965181664318,0.20483904865916264,0.026509856298929716,0.36704819458593574
2021-01-12,0.737710012925161,1.3090312410515053,0.22976744315104702,0.02468159034727939,0.3417345259938022
2021-01-13,0.8935554412901823,1.3298452540945236,0.3310870888905927,0.022979411702639434,0.31816662764940207
2021-01-14,1.0386529090783054,1.3492238179621614,0.3082534965533104,0.0213946246886643,0.29622410160461565
2021-01-15,1.1565168232016274,1.5894499884837923,0.4041603110237345,0.01991913333082538,0.32163734092493784
2021-01-16,1.1284375375363078,1.590924777565963,0.45439763699333713,0.01854539999766501,0.3911404307576024
2021-01-17,1.0161605955887696,1.70338988672352,0.42305986892483105,0.017266406894377764,0.3641652286363884
2021-01-18,0.9977610497588193,1.8080987814564176,0.39388332624035993,0.016075620212006883,0.3848928729890021
2021-01-19,0.9978572698724173,1.7944943434370282,0.4057741843473342,0.10887682670736976,0.40419102462764245
2021-01-20,1.1013078446063866,1.670736112855164,0.4168449832745172,0.10136808003789599,0.4221582692567214
2021-01-21,1.0081287477127394,1.6666049623255157,0.38809705339351597,0.09437717796631694,0.4388863935665535
2021-01-22,1.2314587669032713,1.7540128859556248,0.4003869648002726,0.08786840707208818,0.45446085413088
2021-01-23,1.3015720618177682,1.855230539362171,0.4118292961100115,0.08180851692918556,0.42311872625978475
2021-01-24,1.2634889665927147,1.8383756352803156,0.38342727568863133,0.07616655024441414,0.4397806121556125
2021-01-25,1.1763517964828722,1.7115911087092592,0.3960392407302077,0.0709136847103166,0.40945091476557033
2021-01-26,1.215811908619259,1.7046423722586392,0.44683664051315686,0.06602308576477753,0.42705540835065425
2021-01-27,1.2180969702149986,1.9203569183460303,0.5331859967794537,0.0614697695051377,0.48928828663671764
2021-01-28,1.1685439461107225,1.8990105398514951,0.5354697741595938,0.0572304750565075,0.5472292422823629
2021-01-29,1.2085425306865678,1.7680442957238056,0.6157065005192397,0.053283545742265605,0.6011742699524464
2021-01-30,1.1079679382011838,1.7572022360308033,0.5732439832420507,0.04960881844969557,0.5597139754729674
2021-01-31,1.0487831880046536,2.1914760232615307,0.5337099154322541,0.04618752062557863,0.5211130116472454
2021-02-01,0.9764533129698502,2.151431775462478,0.5359575604915114,0.04300217437553872,0.5310166709646277
2021-02-02,1.064153190914238,2.1538249248065933,0.5771054209805777,0.040036507177225705,0.5402373192946042
2021-02-03,1.0252169791755315,2.116377304487192,0.5373050471198483,0.03727536875121014,0.5029795731363556
2021-02-04,1.006192855167184,1.970420249005316,0.5393047520627198,0.03470465366491978,0.514133814420006
2021-02-05,1.0057075714595152,1.834529197349777,0.5802217717537718,0.03231122927423566,0.5703612853909417
2021-02-06,0.9191215968518589,1.708009942360137,0.5402064771500633,0.0300828686346332,0.5310260243294974
2021-02-07,0.890187564014006,1.8124002125663718,0.5029508580362658,0.028008188039141256,0.5402460275998278
2021-02-08,0.9321563087102115,1.6874070944583461,0.4682645919647992,0.026076588864028066,0.5029876808688052
2021-02-09,0.8850964984785761,1.5710341913922532,0.475025707608019,0.024278203425129576,0.5141413629984936
2021-02-10,1.1341383321232916,1.6848710651135141,0.5594309902815665,0.022603844568224087,0.4786833379641147
2021-02-11,1.107602390670271,1.568673060622927,0.5599047681098369,0.02104495873593277,0.5831981570871316
2021-02-12,1.0312160188999075,1.4604887116144492,0.5212906461712274,0.01959358227138568,0.5429775945293984
2021-02-13,0.9428708410205002,1.359765352192763,0.48533956712493587,0.018242300735428044,0.5055308638721985
2021-02-14,0.8778452657777072,1.3770804610191427,0.4909230982743531,0.016984211029536456,0.5165091540706184
2021-02-15,0.868984708210589,1.3932014244092206,0.45706633287612186,0.015812886130947737,0.480887833100231
2021-02-16,0.8779620553275129,1.2971185675534123,0.5036549676834909,0.014722342259847893,0.4935656426622348
2021-02-17,0.9035471068054421,1.318754144285954,0.5470305931938,0.013707008310892865,0.5053691205303074
2021-02-18,0.9962749989680653,1.3388976122783207,0.6655252471229134,0.1536265023302901,0.6080435408556559
2021-02-19,1.0309273688398528,1.2465598459142986,0.6977374050856762,0.14303157113509768,0.6577944789689606
2021-02-20,0.9253752661127599,1.160590201368485,0.6496175840452847,0.13316732484991853,0.6124293424883426
2021-02-21,0.8615562822429144,1.1916415274930907,0.6048163713525064,0.12398337141199309,0.5701928361098362
2021-02-22,0.8538191028506096,1.1094593531832224,0.6021601229000223,0.11543279407323495,0.5767116799470396
2021-02-23,0.7949350267919469,1.3662210040344351,0.5606318385620896,0.10747191172335668,0.5827809483471946
2021-02-24,0.7917924167410881,1.2719988658251635,0.5219675738336697,0.10006005574243551,0.5425891588060088
2021-02-25,0.7371860431727371,1.2953668357803434,0.4859698101210027,0.09315936224295722,0.5051692168193875
2021-02-26,0.6863456264022034,1.4282152512679431,0.4915098762362085,0.08673457863999465,0.4703299604870159
2021-02-27,0.7079187722645335,1.3297176477322228,0.5357230942601233,0.08075288356137432,0.5754208746084535
2021-02-28,0.6246431244736694,1.23801298237138,0.49877667396632164,0.07518371917783126,0.5357366763595945
2021-03-01,0.7193789422901045,1.152632776690595,0.5034335080921951,0.06999863509660152,0.4987893193692777
2021-03-02,0.7386739284360274,1.073140861056761,0.5077691812438704,0.06517114302097382,0.5102325436713473
2021-03-03,0.670504067140336,0.9991311465011221,0.5118058424540508,0.060676581433320456,0.47504409238366807
2021-03-04,0.6759429025826915,1.3745936688597398,0.5546193386698386,0.05649198961033283,0.4881249185468143
2021-03-05,0.6293261506804368,1.3908861351573625,0.5163697291064014,0.0525959903268616,0.4544611310608271
2021-03-06,0.7581926646690256,1.517147012756892,0.5588684745185788,0.048968680649147,0.5148039595048097
2021-03-07,0.8092645058717813,1.5236082139581595,0.5984362719712956,0.2334112701760705,0.5709852135733451
2021-03-08,0.8740409828778987,1.6407158447438404,0.6743304812404792,0.26426887617754036,0.6232918983957747
2021-03-09,0.8998964531454564,1.6386550575322147,0.7449906071117882,0.24604343644115828,0.5803062502305489
2021-03-10,0.9411956192808721,1.7478284232438237,0.8107776208540413,0.27602985856227735,0.7236550803523834
2021-03-11,0.8762855765718465,1.849472591320149,0.8329723737318987,0.2569933165924651,0.9029602719657663
2021-03-12,0.8847594155259253,1.9441068167705207,0.8536364539974901,0.28622457456521816,0.9782146128817726
2021-03-13,0.8409683565483786,1.92112251424671,0.7947649744114562,0.26648494873313416,0.9107515361313057
2021-03-14,0.8346510341005244,1.788631306367627,0.779008822299734,0.24810667640671108,0.8479410853636294
2021-03-15,0.8287693890628671,1.776369452837119,0.8424497522359219,0.23099587113728273,0.9269898529418523
2021-03-16,0.8060665429690825,1.8760452740449414,0.7843497693230999,0.21506512140367706,0.8630595182562073
2021-03-17,0.7332489151538701,1.8577548710194463,0.7302566817835755,0.48196265394027205,0.8493806598764194
2021-03-18,0.7171336879503613,1.840725875099158,0.7580046028731893,0.4487238502202534,0.8824876587469129
2021-03-19,0.6332225287328885,1.713779263023354,0.7057284233646933,0.41777737779127033,0.8216264409022982
2021-03-20,0.5550983460131723,1.8177716490459186,0.6570574976154042,0.3889651448401482,0.7649625484262776
2021-03-21,0.49958886971216065,1.9145921463772715,0.6117431874350315,0.36213996243737934,0.7122065106037757
2021-03-22,0.7924442681236288,1.7825513086960805,0.8038853546980582,0.3371647926141118,0.8923012587515453
2021-03-23,0.789473434532654,1.7707087653498175,0.9046658871441196,0.3139120482958972,0.9224482163203058
2021-03-24,0.8900684765071935,1.8707749787981434,1.0375512634760722,0.3861728114751298,0.9963585610739303
2021-03-25,0.9492722658832822,2.0750321037448787,1.0050512293598937,0.5943148786828395,1.0193291529652853
2021-03-26,0.9354857083088828,1.9319264414176458,0.9747925769068999,0.5533276456702299,0.9948730783986645
2021-03-27,0.8709694525634427,1.7986901351129805,0.9075655026374584,0.5151671183826279,0.9262611419573773
2021-03-28,0.7936757620175845,1.6746425395879476,0.8449747783176338,0.479638351597619,0.8623810632016962
2021-03-29,1.1007029692840575,1.7813340099853676,1.2553633608817856,0.4935147795700166,1.215488896480447
2021-03-30,1.1281534101685353,2.102851507276106,1.2859522536743837,0.45947927753070505,1.4525594899814511
2021-03-31,1.2570717076891857,2.2911033543967747,1.4706524693892817,0.5217009214523646,1.5815954119652433
2021-04-01,1.273738097649172,2.2441882561746023,1.486393837457225,0.48572154755909797,1.5642048417261623
2021-04-02,1.289255081405021,2.6448768006367915,1.5010495939342756,0.45222350979640163,1.5938561088655896
2021-04-03,1.217567769608226,2.684655563375671,1.4365841577175316,0.4210356815345808,1.575619973323037
2021-04-04,1.2714122325877955,2.499506903832521,1.532785515389249,0.3919987379804718,1.5127990145938126
2021-04-05,1.2698627890822567,2.3271271173613126,1.427076169500335,0.5527840821742005,1.454310535776949
2021-04-06,1.2339665402527555,2.4999116810278297,1.3677123487617937,0.5146610420242557,1.3998557451543514
2021-04-07,1.2177727265391858,2.327503978887979,1.3905530354937017,0.4791671770570656,1.3491564573333128
2021-04-08,1.3577372132998944,2.500262552104381,1.3727632770170997,0.44612116484623343,1.3019536721206213
2021-04-09,1.3330074911003147,2.438922681626511,1.3171451730015402,0.4153541879602863,1.3038487391122042
2021-04-10,1.3099832669834646,2.270721117376407,1.2653628002973987,0.38670907154923206,1.259770624121658
2021-04-11,1.1851859299016396,2.11411966100562,1.1780964002768883,0.36003948040790573,1.1728898914236123
2021-04-12,1.1034489692187681,2.412686423743238,1.1359035981054815,0.335209171414257,1.0920009333943979
2021-04-13,1.0273490403071288,2.5795703455903123,1.0966206443596886,0.31209129752361864,1.0625330119016314
2021-04-14,1.3010340173224955,2.5127609721134125,1.0600468598377435,0.290567759763369,1.1267823362703369
2021-04-15,1.3663490191046321,2.450559141634919,1.065050630716725,0.27052860391761946,1.1866006727515455
2021-04-16,1.427159538005242,2.948107240905036,0.9915988630810887,0.2518714588198525,1.1506086313031136
2021-04-17,1.3115079105323635,2.744789500152965,0.9232127345927377,0.23450101338400062,1.071256311902899
2021-04-18,1.3071932478582338,2.7776777318907286,0.8595428908277212,0.2183285297023454,0.9973765662544231
2021-04-19,1.5098981291076972,3.252665928384584,0.8002640707706371,0.20327138972287329,0.9285919754782559
2021-04-20,1.5263550458906479,3.2505281995546493,0.8622391215019352,0.18925267319026134,0.8645511495832039
2021-04-21,1.4555428441535683,3.1374458706319333,0.8027743545018016,0.364020504610901,0.8507694200774163
2021-04-22,1.5274288965233205,3.032162323014232,0.9426867330849485,0.3389156422239423,0.9296231300891711
2021-04-23,1.5771304583605725,2.9341397097149926,0.9948395312428459,0.36249708463590385,1.0488811409104106
2021-04-24,1.4339091770458436,2.8428772766432875,0.9262299083985117,0.3374972856954967,0.9765445105027962
2021-04-25,1.3177920572253372,2.6468167748058193,0.9014072091152685,0.31422161081994515,0.9091966132267413
2021-04-26,1.278590341627348,2.575369716555436,0.8392411946935259,0.29255115490132827,0.8923358862282962
2021-04-27,1.2248653608739444,2.397758011965406,0.8204177170451092,0.27237521318399527,0.8766379679883644
2021-04-28,1.295433373445636,2.454579449785071,0.7638371848351018,0.25359071572303005,0.8620226647994624
2021-04-29,1.2577736360393503,2.7296662270896226,0.8283244345964367,0.23610170084557974,0.8484153135546226
2021-04-30,1.2916184488959799,2.652505413509322,0.9274195132564028,0.21981882492519494,0.9274313757403633
2021-05-01,1.4781706224634266,2.6917580650156125,1.1759013502960918,0.20465890596483663,1.092683029740782
2021-05-02,2.0308474273526316,2.6172116074404164,1.7196883123904154,0.5661839784899565,1.6132779196028475
2021-05-03,2.4765012635318233,2.7699903442049263,2.1088070490730986,1.278415767225694,1.9604422504918144
2021-05-04,2.839739857143175,2.912232616364987,2.4710900108121483,1.237204097568569,2.4211916768538084
2021-05-05,3.177927513264088,3.37794116565372,2.535001362669857,1.2457895470048588,2.758480305294384
2021-05-06,3.303296733523802,3.2560717356207234,2.5163945842213113,1.5355125063548045,2.7974527227738357
2021-05-07,3.316658810171883,3.2417964060687754,2.46001580643877,1.5235249620816984,2.696209924203128
2021-05-08,3.1568310468087173,3.3515003291347774,2.407525220227438,1.4184542750415812,2.510264412189119
2021-05-09,2.9735722243186675,3.2314544050686047,2.3195994490105787,1.3206298422800926,2.3829852162967167
2021-05-10,3.026900754039619,3.2307795399156345,2.276792749518432,1.2295519221228448,2.5853813099310328
2021-05-11,2.904283136640851,3.1190591875197473,2.275993461632053,1.1917101728176407,2.4987641260391387
2021-05-12,2.7556682431521367,2.9039516573459716,2.1971388461803927,1.1095232643474584,2.647332979570578
2021-05-13,2.651756316159402,2.925863188587666,2.08466725463633,1.0330044185303924,2.510600779031179
2021-05-14,2.5033302337141325,2.835171550076466,1.9799523245780652,0.9617627344938136,2.3374558977186837
2021-05-15,2.330686769320054,2.7507345073246587,1.8434038884002675,0.8954342700459643,2.176252042703602
2021-05-16,2.2044034142430156,2.672120708900563,1.7943830366197644,0.8806351174357174,2.0261656949309397
2021-05-17,2.207417078306496,2.5989285517470946,1.826853384105708,1.10163127093562,2.0239575928838307
2021-05-18,2.2274497352174247,2.6418761592369875,1.81802917184838,1.4012961803593067,1.9760592860296748
2021-05-19,2.2116471660860153,2.68186186276206,1.7707583005197314,1.3985649344307178,1.9773067983895496
2021-05-20,2.30029541979877,2.8301819612285253,1.7658027147166093,1.3021121803320477,1.9326257877074133
2021-05-21,2.3311495055965423,2.9682730873869585,1.87835456975332,1.3062212102674076,2.0285536891583806
2021-05-22,2.359875723408262,2.9857486579361714,1.7878681007214696,1.2161369888696556,2.0720233855610544
2021-05-23,2.2315793370147947,2.779834957388849,1.7036220778297466,1.132265472395886,1.9749677087464494
2021-05-24,2.2671724630045653,2.9213982907086393,1.6642413509161762,1.0541781984375491,1.8387630391777288
2021-05-25,2.4725792081340052,2.942106605856356,1.627576536203541,0.981476253717718,1.8494792582170478
2021-05-26,2.4743248216085547,2.961386761338714,1.5934403294021227,0.9137882362199443,1.7677714522537542
2021-05-27,2.665445197179099,2.9793372509257363,1.6397687946272141,0.8977232928390781,1.9667535936324616
2021-05-28,2.6366628762125037,3.107141805380914,1.526681291549475,0.8827662765879267,1.8769579024681042
2021-05-29,2.5409582159052615,3.115040222965026,1.460448152048924,0.8218858437197938,1.7933550175909447
2021-05-30,2.382946550005002,3.1223939220950614,1.3987828152725492,0.7652040613942908,1.6696753612053623
2021-05-31,2.54591521184455,3.018148439893696,1.4194807112106123,0.7593863024841592,1.69205279941519
2021-06-01,2.490922674645649,2.8100002716251655,1.3996959406156022,0.7070148333473206,1.667044478317492
2021-06-02,2.370815399225569,2.8383912087786394,1.4593860878259708,0.9399847995429749,1.6437608690196355
2021-06-03,2.569074355650112,3.087008209600876,1.436849222291971,0.8751582616434592,1.713768001293947
2021-06-04,2.56416513136493,3.096295151031888,1.4158666233465227,0.8148025194611517,1.595577104652985
2021-06-05,2.370099325039659,2.9938495840762585,1.3572758747565203,0.7586092422569344,1.4855373043320892
2021-06-06,2.223871030923234,3.1206532879693305,1.2636706420146913,0.706291363480594,1.3830864557574625
2021-06-07,2.225542100732906,3.3498039385025544,1.293686618867089,0.6575816142750357,1.379386158360298
2021-06-08,2.3649125783358405,3.340967036561036,1.4778534300859385,0.6122311581181367,1.559311004714465
2021-06-09,2.356856644875678,3.2216475464654657,1.4149877293070108,1.0865126043976603,1.4517723147341568
2021-06-10,2.3149026295366983,2.999464957054054,1.3564575940990435,1.434175115458267,1.5350200369591906
2021-06-11,2.2241614993207874,2.7926053048434296,1.3800744708076929,2.0865454464720514,1.5208415615481135
2021-06-12,2.0535442193433884,3.044379954212922,1.2848969210968173,1.9426457605084622,1.4159559366137606
2021-06-13,2.3081376102910474,3.2787908346603816,1.2743937911993108,1.902580060776483,1.3641462907610382
2021-06-14,2.200636201378181,3.052667328821734,1.2646150150878388,1.771367642791898,1.3159097239326416
2021-06-15,2.1350023462319263,2.953230577190943,1.1774001864610915,1.6492043570821115,1.316842304592361
2021-06-16,2.039441300357621,2.860651532569172,1.2133658499033928,1.5354661255592075,1.226025593930819
2021-06-17,1.984924334936922,2.663365219978195,1.168740671895675,1.4295719100034,1.1414721046942107
2021-06-18,1.9686208237316505,2.5907768896469587,1.166248317805144,1.330980743796269,1.2002773536979106
2021-06-19,1.8156270386224675,2.4121026213954444,1.1248726247697194,1.2391889683620436,1.11749960516702
2021-06-20,1.9315870252637435,2.4679347758061403,1.0863504278057032,1.341547400115664,1.3154855931207237
2021-06-21,2.091230266692137,2.7421004961437223,1.0504849340805846,1.2490268897628596,1.3622899118881124
2021-06-22,2.136502638911056,2.775174176433848,1.0170929226813366,1.1628871042619726,1.314181371188883
2021-06-23,2.2303332738082906,2.9170589429229485,1.0641142594877586,1.1296429286023457,1.269390660882704
2021-06-24,2.1281976812045804,3.0491585531024556,1.0297822946121538,1.0517365197332185,1.227688965080399
2021-06-25,2.0331059225735397,3.283239875005809,0.9978180514521076,0.9792029666481687,1.1430207605920957
2021-06-26,1.9445722162618815,3.278993598133032,0.9290030134209277,0.9116717275689847,1.064191742620227
2021-06-27,1.896597946296061,3.1639481382738754,0.9039890655154489,0.8487978153228477,0.9907992086464181
2021-06-28,2.0069737324081234,3.167928877727439,0.9197554428994161,0.7902600349557549,1.0599956918603108
2021-06-29,1.8513349191143567,3.060543053758324,0.8953792584781795,0.7357593428898408,0.9868925406975306
2021-06-30,1.8442444710692618,3.07165517835089,0.9117394156578202,0.6850173192422655,0.9646734738735137
2021-07-01,1.8204161876926905,2.9709089198560195,0.8879160607015215,0.6377747455014195,0.9439867564856359
2021-07-02,1.8843653929460547,2.8771106791883816,1.0610118229116867,0.5937902802944252,1.108096660089829
2021-07-03,1.7888628224465335,3.3452414310410186,0.9878385937453636,0.5528392264810165,1.031676200773289
2021-07-04,1.7516271313645304,3.225627155119243,0.9197117941767177,0.5147123832754291,1.0063686056681853
2021-07-05,1.6652789237327004,3.1142621396058647,0.8562833945783235,0.4792149775322961,0.9828063619496406
2021-07-06,1.7227004188900983,3.232761529324482,0.9143950436677122,0.4461656687369653,0.9150266128496654
2021-07-07,1.741708147436435,3.3430885473383665,0.8903885419521103,0.8379900374293442,0.9436063046185557
2021-07-08,1.6560440076617153,3.334714775821964,0.9070928864783767,0.7801976210549066,0.8785300077483105
2021-07-09,1.610741403092355,3.3269185057894513,0.8445347563764196,0.7263908885683614,0.8179417313518753
2021-07-10,1.5685631160795022,3.430751939219545,0.8644014309423889,0.6762949652188193,0.8073744444827311
2021-07-11,1.5465205081952251,3.416332416538924,0.8828979900210497,0.6296539331347627,0.7516934483115084
2021-07-12,1.6121322389069324,3.2918153140310857,0.9001189243356651,0.5862295239530548,0.8373799839622913
2021-07-13,1.5526312004343499,3.175885597903098,0.8770969825739976,0.6866647065488548,0.8713146156544487
2021-07-14,1.7211824945853578,2.9568590049442642,0.9337732118016155,0.686263454869443,0.8570664402127133
2021-07-15,1.8264290663083997,3.3083978425947524,0.9865407355652599,0.6858898757196458,1.0271708483874527
2021-07-16,1.9760977490198173,3.7467846521435013,0.9966138943251022,0.638587125670015,1.002173967239993
2021-07-17,1.9776297996261734,3.599477740283624,0.9669371270469216,0.5945466342444967,0.9330585212234417
2021-07-18,2.0307366868151595,3.6845139851279116,0.9393070333741329,0.5535434180897038,1.0062371208113325
2021-07-19,2.0112737030665606,3.985869720696769,0.9135824634029158,0.5153680099455863,0.98268394501395
2021-07-20,2.027606657556003,3.7109821537521643,0.9286872271394714,0.5737352585282885,1.0065976138749586
2021-07-21,2.025586369642622,3.7883284390468983,0.903695057598231,0.6280771796225285,0.9371770887801338
2021-07-22,1.9720249166850263,3.749248468102322,1.036647387691969,0.6786713820206141,0.9183866738124891
2021-07-23,1.9738378522799884,4.157231786236757,1.0042096898367632,0.6788213941017707,1.1759470757733523
2021-07-24,1.9066184308404028,4.314894264475676,1.013064300026157,0.6320061255430278,1.1865322528578504
2021-07-25,2.033529980801234,4.461683468353289,1.1384739237455554,0.5884194961952328,1.2880723931433191
2021-07-26,2.4273183180491777,4.820533338194553,1.4114555096336812,0.5947937762643467,1.5201372282537804
2021-07-27,2.4838658674643703,4.710266822481174,1.626555553819765,0.7415932557488426,1.7820400796841604
2021-07-28,2.5365135858854115,4.94088098306015,1.8268211121999114,0.6904488932834052,2.0717231532055003
2021-07-29,2.413262109690175,5.266682748438872,1.8570543510251551,0.7367415981876372,1.9746881820705888
2021-07-30,2.3846448940434035,5.4589233968828355,1.8070920880291423,0.7798417027536464,1.8843452779104992
2021-07-31,2.392454942972477,5.082445921235744,2.033962076380469,0.7260595163568431,2.075287845105983
2021-08-01,2.227458050353685,4.954116468760901,1.9327440551674357,0.6759864462632676,1.932164545443501
2021-08-02,2.383923225248393,4.83463732335329,1.838506587141508,1.051961106160729,1.89059679358523
2021-08-03,2.322875717445675,4.830522576187415,1.7507682548415069,0.9794120643565408,1.7602108078207315
2021-08-04,2.4899871953237973,4.83065917717627,1.747191292878262,0.911866404745745,1.7763444221260505
2021-08-05,2.3010371087255015,4.719694327740012,1.6266953416452785,0.8489790664874177,1.699680397962136
2021-08-06,2.194025389575777,4.949658315542518,1.5535646814484654,0.7904287860400095,1.5824610601716438
2021-08-07,2.1633011159816187,4.941578658644813,1.4854775150583288,0.7359164559682847,1.473325814642565
2021-08-08,2.1863762530528845,4.934056219464193,1.383030789881892,0.7321185319151192,1.5550870885980532
2021-08-09,2.0528185156252023,4.927052569192579,1.287649356096934,0.6816275986795937,1.4478397031774979
2021-08-10,1.9973789836343254,4.698347869950007,1.3550668539637625,0.6346187987706561,1.3938311768721041
2021-08-11,1.9285360358944401,4.485415908586232,1.4178348692190854,0.5908519850623349,1.3893898642256537
2021-08-12,2.1400701856279234,4.287168910075131,1.4372188304022147,0.925743052132455,1.568624799830486
2021-08-13,2.0786132970851345,3.9915020886906394,1.4552659666761627,0.861898703709527,1.4604437791525215
2021-08-14,1.9180338241584702,3.7162260825740434,1.3549027965605651,0.8494123487776551,1.3597235185213132
2021-08-15,1.78575562938892,3.45993462860342,1.30051644981787,0.7908321867929893,1.2659494827612225
2021-08-16,1.714280563986546,3.776778595656725,1.2498808856091537,0.7362920359796796,1.178642621881138
2021-08-17,2.1817665976392604,4.1828632843046485,1.398013556446379,0.6855132748776327,1.4640968254751492
2021-08-18,2.203568253216896,4.005481984019864,1.4578197301511768,0.6382364972998649,1.4548096060284887
2021-08-19,2.292773673334418,4.284701995527207,1.552556565586091,0.5942201871412535,1.400320396767854
2021-08-20,2.272466005022526,4.211389365515024,1.601704600729529,0.5532394845797877,1.3495890640079529
2021-08-21,2.201878370314592,3.9209487196174355,1.5693526653401113,0.5150850373673885,1.2565139561453353
2021-08-22,2.0155710261064823,3.6505384630920945,1.4611214470407932,0.4795619313420514,1.1698578212387605
2021-08-23,1.9627002864962064,3.6209612491099175,1.3603544506931522,0.4464886946977719,1.4559178731529354
2021-08-24,1.982383131783604,3.5934238429885808,1.3055921278033822,0.7443809157794216,1.4930372070905165
2021-08-25,1.9318012124714579,3.6788775979911486,1.2936617422709402,0.6930443008980821,1.3900691238428946
2021-08-26,1.764119879149082,3.425161901577966,1.2044436910798408,0.6452481422154559,1.2942022877157986
2021-08-27,1.6080027757110074,3.1889438394001743,1.1213786089364035,0.6007482703385278,1.204946957528502
2021-08-28,1.58324019130042,3.080108707729491,1.1221526040154772,0.5593173551427673,1.1676896550609697
2021-08-29,1.7841341840608707,3.200963506543031,1.1228732201235803,0.5207437444432661,1.1330018217291293
2021-08-30,1.9194929234547733,3.4245755213125513,1.1625993640029513,0.48483038275752355,1.2840762035923918
2021-08-31,1.8732482598894429,3.410581958487585,1.2776962246894672,0.6861684795319648,1.2413617117411433
2021-09-01,1.8474197152149283,3.6197375282954116,1.345800145411983,0.7797113203637018,1.2932780223278133
2021-09-02,1.8922797764770003,4.036652635382047,1.3310967931479132,0.7259381258558603,1.3416138977016097
2021-09-03,2.0201801991525494,4.424814976462706,1.3955179160457087,0.6758734275209733,1.2949312890152425
2021-09-04,1.8980842585455804,4.230747352580814,1.2992753011460045,0.6292614670022856,1.3431531459968022
2021-09-05,1.7844087276356437,4.050063702759742,1.2096701079635215,0.5858641244504037,1.2505218945487468
2021-09-06,1.7130265520093577,4.437301142641941,1.2824654850119646,0.5924146370536437,1.4393339315106073
2021-09-07,1.6465672850469533,4.575648492852915,1.1940195894938979,0.5515584551878752,1.3859120101477576
2021-09-08,1.6880524062963684,4.260086527828577,1.1116734109081117,0.5135199410369873,1.2903318715168777
2021-09-09,1.6233154942107215,4.299563545945627,1.1131167299891367,0.5250597076687388,1.293028441998374
2021-09-10,1.5630431967516714,4.114133951754567,1.1535157352570902,0.48884869334675685,1.2496965543949887
2021-09-11,1.5413812729589689,4.0525846351060135,1.1911286022307017,0.5959997952947151,1.3468805359537581
2021-09-12,1.7279352559256234,3.9952800989159805,1.3433131546802342,0.6957611660738487,1.574889637077293
2021-09-13,2.0394381009505755,4.05301962937183,1.3678365444522493,0.6477776373791005,1.6496465094855588
2021-09-14,2.0882823466689135,4.440053212246298,1.273502989662439,0.6031033175598522,1.5817202724002986
2021-09-15,2.202665350710537,4.356026705219004,1.3028408735736128,0.5615099853143453,1.6101635788035789
2021-09-16,2.154118385979395,4.166703100043574,1.2520450042782938,0.5227851587409422,1.5908027901618542
2021-09-17,2.040012160787919,4.323712384226851,1.1656970729487564,0.4867310098622565,1.4810922529093122
2021-09-18,2.0026826574307512,4.025525323245689,1.124359396799979,0.453163354009687,1.3789479596052217
2021-09-19,1.9507007708325947,4.081178976161558,1.0858725948683587,0.42191070890557064,1.283848100322103
2021-09-20,2.0745721594146542,4.132994446117714,1.1281505060067103,0.4867232885944808,1.3328343151445692
2021-09-21,2.000405544379574,3.9590523760527185,1.167512699135521,0.5470660352013971,1.332599682617259
2021-09-22,2.172529512789738,4.130382399821571,1.165105032821552,0.5093373431185422,1.378223719350404
2021-09-23,2.1088340499599276,3.8455284412131867,1.123808187026375,0.47421062980002193,1.2831738076710657
2021-09-24,2.0667582094184827,3.6914116128657444,1.1634698504296912,0.44150644843450315,1.2863640377281353
2021-09-25,1.889769496996312,3.547923531300884,1.0832305504000572,0.4110577278528132,1.1976492765055051
2021-09-26,1.7249869026722218,3.8586992981681565,1.008524995200053,0.38270891903537785,1.1150527746775394
2021-09-27,1.674929615688344,3.7036741348583027,0.9780267726891174,0.5441349403977336,1.0381525833204677
2021-09-28,2.110675844347625,3.781524421456062,1.066797552170278,0.5066083927840968,1.012398341143145
2021-09-29,2.1201534787487177,3.742913693103956,1.1494462089286,0.47166988293691775,0.9884202535987409
2021-09-30,2.111750651442736,3.59587374393646,1.109229282022592,0.43914092549299233,1.4703631920396167
2021-10-01,2.2072883199584754,3.570066510585707,1.2280068380180982,0.4088553444245101,1.4606438093816136
2021-10-02,2.1067420345168215,3.434947056764298,1.182371936692125,0.38065842411937145,1.3599097535621918
2021-10-03,2.0131299756573506,3.198054156297794,1.1398842699403566,0.3544061190076907,1.311965361713026
2021-10-04,2.063788574844186,3.1996827565772934,1.178437237970295,0.5177840576133352,1.4048549427671033
2021-10-05,2.07649981403862,3.4233830989306577,1.1362209297510666,0.48207481226069143,1.3079683949900616
2021-10-06,1.950519762060198,3.2983797424647694,1.0578608656303035,0.448828273484092,1.2177636780941952
2021-10-07,1.8332279895285635,3.404181366468979,0.9849049438626963,0.4178745994507064,1.1337799761566645
2021-10-08,1.706798473009352,3.169410237746981,0.9169804649756138,0.3890556615575542,1.0555882536631014
2021-10-09,1.623541896988224,3.284106310352417,0.85374043290833,0.36222423662255043,0.9827890637553014
2021-10-10,1.5288003220477604,3.279800279317805,0.794861782362928,0.3372432547865125,0.9150105076342461
2021-10-11,1.4405926488273284,3.0536071566062324,0.740043728406864,0.31398509928399443,0.8519063346939532
2021-10-12,1.3067877681700648,2.843013559598906,0.6890062298960458,0.29233095450578783,0.7931541736805771
2021-10-13,1.2166644738135084,3.091311777605952,0.6414885588687322,0.27217019902263007,0.7384538858405372
2021-10-14,1.1499834108161284,3.100301921243511,0.597247968601923,0.25339984046934527,0.687526031644638
2021-10-15,1.122354705315326,2.9975800253077693,0.5560584535259283,0.23592398940249387,0.6401104432553526
2021-10-16,1.0621777642833377,2.790850368389992,0.5177095946620712,0.21965336944370117,0.5959648954446386
2021-10-17,0.9889241253672454,2.709469958857942,0.4820054846853766,0.20450486120620454,0.5548638681725946
2021-10-18,0.9207224615488148,2.5226099616953253,0.4487637271208679,0.19040107767474218,0.5165973945055191
2021-10-19,0.8399975290039656,2.570820920223271,0.41781450456080804,0.1772699688695875,0.480969987987897
2021-10-20,0.7820666649347267,2.3935229257251143,0.3889997111428213,0.16504445377513322,0.4477996439887316
2021-10-21,0.7109042011218835,2.228452379123382,0.36217214485710947,0.15366207765271023,0.4169169099205433
2021-10-22,0.6791031569308223,2.0747660081493553,0.33719475555661915,0.14306469298700608,0.3881640195811955
2021-10-23,0.5978147929560764,1.9316786972425035,0.3139399448285764,0.13319816243617805,0.3613940871962854
2021-10-24,0.5565861865453124,1.7984594767430204,0.29228891415074354,0.12401208226816576,0.3364703570448175
2021-10-25,0.48374726880404995,1.6744277886917773,0.2721310580024164,0.11545952487036124,0.31326550483483007
2021-10-26,0.41593172470011575,1.5589500101613099,0.25336339882983594,0.10749679901723286,0.2916609872600142
2021-10-27,0.352793114672315,1.4514362163570818,0.23589006097950246,0.1000832266712168,0.27154643641449594
2021-10-28,0.2940088915429833,1.351337166953145,0.21962178091195056,0.0931809351766501,0.25281909597211694
2021-10-29,0.35986657500605246,1.2581415002667211,0.32164112749557183,0.086754663785157,0.23538329624990195
2021-10-30,0.421182349264772,1.5046492099397617,0.3775694316395305,0.08077158352411169,0.21914996547404664
2021-10-31,0.46104261768830435,1.5119723285766933,0.3515301604919766,0.12215606446709601,0.3874061255790881
2021-11-01,0.6531953878180397,1.5187904045490088,0.4053971520154936,0.6771907280465108,0.49821592486658967
2021-11-02,0.745962084024518,1.7473223277198229,0.6117700803419366,0.630487919215717,0.6472261567376627
2021-11-03,0.8667847405411011,1.960093428602994,0.7648551674878328,0.680915863710824,0.877644796307184
2021-11-04,0.8586869778178867,2.49146674946152,0.7121065352472926,0.6339561489721464,0.817117568975654
2021-11-05,1.1440038212118218,2.764009575064248,0.8192166414485791,0.7310998401873192,0.806607120891077
2021-11-06,1.2546021551880047,2.795572284394337,0.9970502946417058,0.680679161553711,0.8426640190019388
2021-11-07,1.4092535131006225,2.7138662254826764,1.0063986562238623,0.7276456410599907,0.9679192098981599
2021-11-08,1.4326514378840607,3.082163185854654,1.0151023032141457,0.7780809008682747,1.0386936240602083
2021-11-09,1.54056987142433,3.0917842668543702,1.023205698687858,0.9591948239799055,1.0587445564352682
2021-11-10,1.8305408036077857,3.2118338546937797,1.147915915603001,0.8930434568088774,1.1690976413016048
2021-11-11,1.8765649277393162,3.2125121309459703,1.1859149770355155,0.8314542528910237,1.1343127054704103
2021-11-12,1.7816003203575008,3.2131436295255957,1.1041277372399627,0.7741125802778497,1.0560842430241753
2021-11-13,1.744865491488534,3.10263954681178,1.0670362221745504,0.720725505775929,0.9832508469535424
2021-11-14,1.6245299403513938,2.8886644056523467,1.0325027426308908,0.6710202984810372,0.9154404437153669
2021-11-15,1.8570300277085354,3.022722259781551,1.1175165586677909,0.7186529064750876,1.0356765708382483
2021-11-16,2.021815131037288,3.036442714993205,1.1185569020412518,0.8099554420004024,1.0559355758493052
2021-11-17,2.0201942587458874,3.271400991248921,1.0804702721619577,0.8010513809795045,1.074797408100979
2021-11-18,1.967004675505308,3.712339307787038,1.1231207572800612,0.8397163281115916,1.0465159366284484
2021-11-19,2.141432152113697,3.789591996251781,1.162829829631399,0.7818048572073438,0.9743424237575209
2021-11-20,2.458871633312092,3.5282408240964855,1.3169660215705385,0.7278872808482167,1.365571271601338
2021-11-21,2.4271089332776015,3.840374019046821,1.3433064550052916,0.7715980279893582,1.2713939425253837
2021-11-22,2.879888053234587,3.7977046977574225,1.6021616594272285,1.0001139807614234,1.687978966436885
2021-11-23,3.0430385507619566,3.757978088281085,1.8822200062194794,1.1189603426943968,1.8924640378719282
2021-11-24,3.0398958041037503,3.7209912449755302,1.9086326316640632,1.0887455988670167,1.8536342520530757
2021-11-25,3.0025161350976277,3.4643711591151494,1.9332236967331586,1.0136596954968775,1.8174823824975928
2021-11-26,3.2950241775180276,3.6698171288796964,2.0872327973797535,1.0376620002484562,1.988477708302244
2021-11-27,3.5673592514956414,3.8610944110742746,2.1776170605086613,1.106963908616987,1.943026290039922
2021-11-28,3.5108296247625956,3.5948120378967383,2.222712700746508,1.0306215700916774,1.8548669646405678
2021-11-29,3.9922303771764085,3.791262084986693,2.3623363604147585,1.1289173787477584,2.0298329702161393
2021-11-30,4.104507858606221,4.0852558826342555,2.863355443796863,1.0510610077996372,2.6233242928211364
2021-12-01,4.476057957554543,4.279622796198968,3.1736005852101368,1.2133487166401393,3.084200203970714
2021-12-02,4.560505215567054,4.651028574464668,3.5405599608420095,1.7870385845107077,3.6049765449374647
2021-12-03,4.848926725686734,4.885728131458577,3.686935666157378,2.368118568886574,3.631412399113896
2021-12-04,4.704013135216371,5.215333541775339,3.549829917206832,2.2048000468943965,3.4726551401059425
2021-12-05,4.706908239455135,5.300023485149527,3.4221797371494267,2.1466547412047667,3.233161682167602
2021-12-06,4.830191503571258,5.410613322678704,3.459553919521219,2.0455645216180507,3.285239940672989
2021-12-07,4.772704156126617,5.481835694956109,3.494350572074265,1.9984009762923067,3.4712540582640647
2021-12-08,4.874222939068742,5.437054149822984,3.565802680919619,1.95449008926489,3.323542202073341
2021-12-09,4.951513594887169,5.617545046447354,3.8276031852899433,2.101427279190367,3.827812198343359
2021-12-10,4.902886038410498,5.3412201763596245,3.680796228123358,1.9565012599358587,3.7471951010091367
2021-12-11,4.702570620783014,5.417228282865931,3.4660034378246083,1.821570138560972,3.4887678526636794
2021-12-12,4.498843227795253,5.487994450992493,3.305079168842427,1.6959446117636636,3.2481631731696323
2021-12-13,4.602022139563576,5.5538801937310165,3.35052925247677,1.766802654317172,3.253364358381825
2021-12-14,4.663631600816634,5.615222092142745,3.2756791712829196,1.6449541953987463,3.3040493288724386
2021-12-15,4.548723816223623,5.56124148513468,3.2059911646541623,1.531509078474695,3.122026345622566
2021-12-16,4.648462687410678,5.73316773794445,3.180164452881974,1.8015272425508586,3.227611597803424
2021-12-17,4.930818164989418,5.790080123110795,3.181225824281875,1.9120586593395528,3.6468125224024996
2021-12-18,4.694122730308008,5.612948311885949,3.039941390716433,1.7801925449023424,3.395308210512672
2021-12-19,4.404843791714558,5.336940457974869,2.8693454857560914,1.6574206452539046,3.161149023580763
2021-12-20,4.422218824560553,5.413243717473228,3.3353984225629314,1.6370256431256884,3.584933573988298
2021-12-21,4.668496831918302,5.37319265354582,3.691199326653232,1.7119470628266433,3.750279165143835
2021-12-22,4.742748663378036,5.446995761625493,3.631909983019039,2.0164761629611134,3.9500640997885954
2021-12-23,4.829106510623408,5.515709000182429,3.4595438833337937,1.877408841377588,3.861015836837461
2021-12-24,4.564972009298069,5.357499335366437,3.2600098754343234,1.7479323695584439,3.5947388825728086
2021-12-25,4.250146353484409,4.988016622582545,3.0742368335968866,1.6273853095888962,3.3468258561884774
2021-12-26,4.129301129348585,4.755107505864801,2.9793861765470635,1.5151518399620758,3.116010279899616
2021-12-27,4.01679005860144,4.64935311651899,2.891076944121367,1.4106586096198637,3.1303254577511215
2021-12-28,4.083691445536529,4.733400467788315,2.8479132290209925,1.5951014188312045,3.051968406544
2021-12-29,4.249955178198764,4.851327174885747,2.963947223594158,1.5320493594081825,2.9790152899028866
2021-12-30,4.042988979823503,4.961121005631632,2.798592295676732,1.4263907828972733,2.9569359103921458
2021-12-31,3.764162153628778,4.841158788715694,2.6055859304576474,1.4219288747246868,2.7530092958823422
2022-01-01,3.6251525859619993,4.729469828138787,2.4649455744806703,1.3238648143988463,2.563146585821491
2022-01-02,3.599090875521134,4.403299495163698,2.5292806805681356,1.232563792716167,2.3863778557648363
2022-01-03,3.6092801879177765,4.321807727245549,2.5501236573536046,1.9457932878637094,2.4510125111428778
2022-01-04,3.894396097088717,4.690304199921829,2.7257500891997957,2.4689697370292034,2.5259246894153975
2022-01-05,4.142622008361559,5.0333871227583655,2.6939882261629786,2.4865157019781923,2.626777912938178
2022-01-06,4.2156111855802765,5.086981797660996,2.8596929636085235,2.737626275274624,2.766518229442098
2022-01-07,4.30386967814253,5.291615615124123,3.170190689862371,2.9244639430197585,3.3092036721004763
2022-01-08,4.1448657336369745,5.482136755520828,3.068722525483895,2.722776774535637,3.0809827291969953
2022-01-09,4.065734905401181,5.524621042328698,3.091417841847,2.5349990659469728,2.868501161666168
2022-01-10,4.043741870909545,5.4768887835836715,3.1906584148459576,2.3601715441575264,2.991570909292295
2022-01-11,4.074946092662469,5.210264345417574,3.126833908661129,2.3852208327528373,2.9686256249960774
2022-01-12,4.15998550230432,5.283401171076225,3.575129023198656,2.314632714245384,3.017663737363687
2022-01-13,4.320987575879121,5.252304765521023,3.680065429814154,2.2019578068627634,2.992918947683236
2022-01-14,4.48811288992128,5.001168880324765,3.738709617436067,2.1440085177270394,3.4283055722906006
2022-01-15,4.385309844010706,4.878444741016197,3.7151989274576422,1.9961458613320713,3.329398168356618
2022-01-16,4.237916168090207,5.097460424454828,3.5370887626386995,1.8584806295160663,3.1456269892802498
2022-01-17,4.351707121601198,5.4124636076684,3.6055934100658162,1.8242194215766665,3.2495846108640265
2022-01-18,4.309991865302663,5.261374314749926,3.395987021012414,1.698411185605862,3.2088452781835515
2022-01-19,4.271153523231615,5.45398106206899,3.239891470431073,1.6282343146811393,2.9875456038260646
2022-01-20,4.596757154226257,5.411120526100494,3.328892482838026,1.7037620328955119,3.194090365337618
2022-01-21,4.762090708406648,5.371215889164309,3.3727002689554313,1.6332161380197787,3.248863197417487
2022-01-22,4.588712145286429,5.556247355489278,3.3353763775762593,1.5205805422942769,3.0706461542679557
2022-01-23,4.427290724450362,5.7285180310332136,3.1444056459359304,1.415712918687775,2.8588774539736135
2022-01-24,4.604311618615298,6.0,3.200936662184514,1.4589423499225598,3.165980856405927
2022-01-25,4.734670511754858,5.808390955886244,3.29262421309123,1.5461453760513169,3.222692275308671
2022-01-26,5.045534285634206,5.629996328607919,3.3779884846250687,1.8151541402946103,3.4130200249938367
2022-01-27,5.0937835340790505,5.574996808740186,3.3793551141508513,2.253430315885921,3.452694259856036
2022-01-28,5.2248394068902835,5.301606299873641,3.5368483951000935,2.1449762635625733,3.5354748282966546
2022-01-29,5.1401349626650195,5.0470703088599596,3.5663143941649422,1.9970468660754994,3.3374914657761465
2022-01-30,4.992364877254878,4.921180553790345,3.5156378044954595,1.8593194960013268,3.519902029911832
2022-01-31,5.147641971940295,4.803972850794495,3.4684561520445607,1.7310905652426145,3.4605201166073707
2022-02-01,5.033807825249306,4.805940467327689,3.463583632093137,1.6586599439981158,3.4052335076687346
2022-02-02,4.962277972861351,4.9188644158361985,3.341881471698745,1.6851344079701183,3.353759768312073
2022-02-03,4.9818153724834255,4.91290847615962,3.345738240047033,1.8036929167988633,3.2599934543076445
2022-02-04,4.8449638794996,4.796271261276234,3.3883842498051964,1.7732101718054771,3.1726937826483486
2022-02-05,4.510828439534111,4.576585962579617,3.1937578028387335,1.979604359983147,2.9538873148794975
2022-02-06,4.354778308749928,4.594235433472457,3.0906643203239557,1.9839447263010095,2.796013436042931
2022-02-07,4.622934217911962,4.721759729143398,3.3071225366261894,2.222760431906393,3.107452287987705
2022-02-08,4.683101466865133,4.618305186468027,3.313376472910516,2.116421543995427,3.214042647591657
2022-02-09,4.825253409115153,4.410893410171976,3.3973095541119904,2.0174163724921135,3.084069509378341
2022-02-10,4.613065134173452,4.328877923977394,3.397343696086951,1.8782842088719678,2.871375060455697
2022-02-11,4.41551053336566,4.3636107078772834,3.163044130839575,1.8426572368390577,2.6733491942173724
2022-02-12,4.197126724289234,4.284856097703026,2.9449031562989143,1.715577427401881,2.4889802842713467
2022-02-13,3.9938038675629066,4.211532839954577,2.7808616123328846,1.5972617427534757,2.3631689592698253
2022-02-14,3.8906374355596007,4.032174328935315,2.901519856332816,1.487105760494615,2.4294042281992465
2022-02-15,3.9668542473851423,3.9762774000673993,2.8966911658241696,1.6193214174251187,2.4910715475473286
2022-02-16,3.986134232115508,4.035327461478324,2.8531402630201534,1.5076440782923517,2.3651159974922913
2022-02-17,4.2280333754554675,3.9792130751936483,3.1640898996594067,1.6853982344917966,2.6604294264578483
2022-02-18,4.298208333519328,4.038060676251039,3.375484282904024,1.6161188084714926,2.8436914366327755
2022-02-19,4.0879143313288555,3.8706657627285717,3.1817474888272965,1.5046623389217342,2.647574785830515
2022-02-20,3.8748965320238313,3.9369993853352767,3.040427078396654,1.4008925224443733,2.4649834212904795
2022-02-21,3.955890387349645,4.109850305015677,3.4946812846765587,1.3981891149926762,2.93677939254562
2022-02-22,4.337689967074282,4.04859641228015,3.683276262057923,1.4426270844133298,2.917612833542277
2022-02-23,4.589797550810395,4.102658955607437,3.8198094638411604,1.624865171225121,3.3581929832628106
2022-02-24,4.600569591904743,3.8197169586689936,3.7907056810072124,1.6536703091814684,3.447490881123652
2022-02-25,4.541691406619758,4.000656321567758,3.6073881538745063,1.5396240809620567,3.255575377028868
2022-02-26,4.297378636605016,3.8358410187131042,3.3976579893860217,1.433443109861225,3.1227379126474686
2022-02-27,4.13882235013653,3.793484318136375,3.358612875908188,1.3815398993326842,2.953219164999317
2022-02-28,4.387418110188936,3.785789349228489,3.6347023323482666,1.4740810255021224,3.070446291705916
2022-03-01,4.360466858839627,3.857976517593822,3.618364558582794,1.3724202651226656,3.0879038135707804
2022-03-02,4.490415800215338,3.8418662383042035,3.642208753269526,1.7473199414572296,3.1499998561173275
2022-03-03,4.387453932905174,3.7990940053418814,3.586298069868692,1.814634857824975,3.2078134129710096
2022-03-04,4.360500211023711,3.648179551882116,3.4951880702340197,2.065127106083878,3.1699548525590187
2022-03-05,4.645488337984208,3.8409490807661824,3.527527195151701,1.9227045470436104,3.0430222519341603
2022-03-06,4.704100130380672,3.6871480703806023,3.5185808101584057,1.930969038391786,2.9248436237661894
2022-03-07,4.672535571456175,3.6550460558957703,3.3540305154980308,2.314303044652437,2.8606577335235457
2022-03-08,4.625921046916021,3.6251579734443746,3.239883742455026,2.201650873103813,2.89258343181478
2022-03-09,4.720335971158774,3.5973311380585926,3.3288852878258446,2.143722751813534,3.243204771757998
2022-03-10,4.480929718096616,3.3492393354338623,3.1383622175476127,1.9958798034126004,3.111220452567693
2022-03-11,4.361395231597985,3.340441371635012,2.9609786693575355,1.858232920418628,2.942496012511251
2022-03-12,4.198424007543777,3.1100661046257008,2.9129941456201838,1.7300789259069986,2.7395652530277164
2022-03-13,3.9261043560132762,2.8955787870653076,2.712097997646378,1.6107631379134122,2.642314693749844
2022-03-14,3.7414726970990833,2.6958836983021826,2.6422224327310735,1.5935858949121262,2.5976135573014316
2022-03-15,3.5523474242926634,2.7321447439606903,2.499055421424895,1.4836834194009452,2.555995257849461
2022-03-16,3.4451726007422714,2.7659050278496453,2.5610381242748277,1.3813604249595006,2.5630896736527498
2022-03-17,3.379842807830044,2.797337016297983,2.462525256227113,1.2860941887553972,2.38632486857325
2022-03-18,3.284564854380522,2.7155092517377954,2.409861604513137,1.197398037806749,2.221750739706129
2022-03-19,3.1958577942723467,2.8615088406197273,2.2436642524777484,1.114818862785594,2.0685265507608785
2022-03-20,3.216629452937769,2.8863474626701286,2.2451496885252102,1.0379348032831393,1.9717120349669757
2022-03-21,3.2901100546285598,3.0205651059705207,2.6761401604801818,1.1072178976492781,2.4316842348134418
2022-03-22,3.666145024123308,3.0344343304105212,2.8040205735734034,1.4534524574511525,2.7682492385671464
2022-03-23,3.9301123887041087,3.3806231456150613,2.962136873266505,1.4471242268955398,3.035760375044783
2022-03-24,4.175875107451751,3.3696607811140598,3.304624727736457,1.4412324260334177,3.4681924184547994
2022-03-25,4.008471542969594,3.5816385010855774,3.350106152136729,1.341837086306975,3.4123766852508233
2022-03-26,4.076561864628929,3.5568130086210914,3.392450926578362,1.343206467554409,3.452095288371161
2022-03-27,4.036595311545621,3.6447916487524514,3.509985822615949,1.485346213653203,3.626602140603741
2022-03-28,4.223333885196986,3.615610766793698,3.853746216357766,1.6176832186417354,4.064128963751021
2022-03-29,4.3110597777856725,3.810626418787311,4.25190944760587,2.351307688359748,4.150584109285041
2022-03-30,4.4444161040616565,3.8811006858037587,4.326909295950667,2.376968277354906,4.23435129439676
2022-03-31,4.792524255047535,4.279990747544991,4.393947082001778,2.447814105536424,4.309066968851762
2022-04-01,4.823768807622288,4.207003031186753,4.715799855702604,2.4668190795538805,4.516157301292479
2022-04-02,4.7839512364742305,4.139048950439427,4.58584840661673,2.390603495749804,4.250540664772259
2022-04-03,4.505704060238386,4.075781358019503,4.308638224697748,2.225734289146369,3.9573999292707227
2022-04-04,4.5395024841550455,4.239061107169957,4.36298778983055,2.1661452426117753,4.051215697872348
2022-04-05,4.691557804523002,4.279988154297946,4.1792577564887505,2.298485525409881,4.367773852001203
2022-04-06,4.83312655107248,4.318092646451592,4.3596957888342045,2.139969282278165,4.20407553222511
2022-04-07,4.999385599287717,4.131385183260122,4.605800269816729,2.227159868740838,4.298888739020133
2022-04-08,4.861322366524286,3.957554096840477,4.483434999067812,2.167472506372143,4.094098628984163
2022-04-09,4.767234399517161,3.9068033908756536,4.447619163376267,2.111901513821979,3.857589487105896
2022-04-10,4.472913276840321,3.6373686742635396,4.179942032715247,2.1071179384957843,3.6832338082364258
2022-04-11,4.560653629339915,3.608699721579884,4.516553775332387,2.713078419644913,4.025170023719481
2022-04-12,4.418394110317505,3.693099967714086,4.361288209803667,3.0424738478881066,4.022627017290256
2022-04-13,4.440987078342397,3.660587477551082,4.21673061431141,2.9265579352333937,3.836889439787382
2022-04-14,4.341434088402781,3.741409257756235,4.004032057295655,2.9595010283888095,3.801488813508696
2022-04-15,4.231519990158898,3.7055650924179107,3.96222326801657,2.8023524441687107,3.5851596589045984
2022-04-16,4.077505679307386,3.5611009088149705,3.76707694177977,2.609086758363972,3.383749756342163
2022-04-17,3.9341130450663235,3.3155077426897996,3.5463337574357503,2.4291497405457667,3.196230191887482
2022-04-18,4.265734015220536,3.53122015496644,3.551433492424605,2.7311715220235655,3.2213852790538446
2022-04-19,4.488350414898079,3.287687730485996,3.5408383972745576,3.106274085081844,3.411803166411757
2022-04-20,4.3338504927094865,3.1720426752921522,3.452863547473963,3.032913091048073,3.4057188348486322
2022-04-21,4.069417915329728,3.2865572004806802,3.292845477826309,2.9176565409340514,3.1708416738245884
2022-04-22,3.995490384908227,3.059898083206151,3.2610288134215586,2.810348718414101,3.181375376232992
2022-04-23,3.8060734826219678,2.9599626588591934,3.0751854999987955,2.616531565420025,2.9619701778720957
2022-04-24,3.5091319927374878,2.8669193327430604,2.863103741378189,2.436081112632437,2.8035388602084534
2022-04-25,3.5255253660157617,2.780292787738385,2.9780901144094782,2.2680755186577857,2.701876328021565
2022-04-26,3.6441491523168437,3.032916576218571,3.1632568436167463,2.111656517371042,2.8364374434852513
2022-04-27,3.6684578290966448,2.934841945456964,3.3356534535683413,2.576439188143108,3.007560969727254
2022-04-28,3.6394095501637356,2.843531082334088,3.3399397404083806,2.398753726891859,3.075197898056113
2022-04-29,3.870767077038093,2.7585175201162384,3.348114909698798,2.4211421752985953,3.0006427475176136
2022-04-30,3.724405445687913,2.9015510215237947,3.195320884035638,2.254166852864209,2.793701868378468
2022-05-01,3.622591383444848,3.1458121731911937,3.05306437738373,2.098707069908057,2.6468752617143863
2022-05-02,3.9412429426279214,3.2621356985246157,3.2721156931990834,1.953968651293708,3.0602844804058584
2022-05-03,4.2895990274572995,3.3704369117660775,3.319839119981243,1.9131220625420569,3.1242853045499865
2022-05-04,4.278622579609857,3.249085016483952,3.442381726818632,1.922047414890339,3.105285156969974
2022-05-05,4.190267141306968,3.2471942470954405,3.3221417667879987,2.54077138042605,3.0744975107649513
2022-05-06,3.9701905275206943,3.245433875595792,3.1320837669261703,2.365545767982874,2.862463199677713
2022-05-07,3.7480647794885424,3.021610849692634,2.916077989896779,2.2024046805357793,2.7567369199412206
2022-05-08,3.782433693039364,2.9243159242086776,2.910245290176824,2.050514702567795,2.5666171323590676
2022-05-09,3.9005664954320234,3.1670070825874634,2.826704394742178,2.519514050222843,2.572979005092728
2022-05-10,4.2517278524818085,3.059684830696967,2.9051458421075727,2.345754460552302,2.6247446156895355
2022-05-11,4.4408565309204375,3.0708561430868686,3.1343984362178334,2.46738486269736,2.6729401841762184
2022-05-12,4.616941852225368,3.5256251388085755,3.386895732030247,3.142409219032225,2.947024358887712
2022-05-13,4.55693454553896,3.6157546665132125,3.42670329406543,3.395240691648888,3.0646787136020075
2022-05-14,4.363251019809409,3.699668364720977,3.3075446052591566,3.161086161190344,2.8533215609398
2022-05-15,4.131244483367794,3.444518822326427,3.11849330619242,3.0369900889975456,2.7023832513404544
2022-05-16,3.984145724708773,3.318057829764278,2.9815352531848722,2.921452366611148,2.6076969680410143
2022-05-17,4.122821016000301,3.200318284965036,3.1274091611806307,2.766927828030888,2.6112257486586787
2022-05-18,4.079664176615519,3.0906987087726385,3.0679466724899624,2.5761052192011715,2.6603536528026623
2022-05-19,4.022256839233032,3.0997311330193904,3.012585045088306,2.398442790290746,2.88946337645376
2022-05-20,4.123850114301992,3.3303246907905413,3.078207137257416,2.5063777427415657,2.9652449663876883
2022-05-21,3.873900321639991,3.1006471259084343,2.904972215294248,2.380479040290243,2.760745313533365
2022-05-22,3.744549436203576,3.220085482088943,2.7046293038946447,2.216308071994364,2.5703490850138224
2022-05-23,3.852990066143951,3.331286710257003,3.064876301079898,2.767783264129978,2.650129008374047
2022-05-24,3.9662569117707775,3.657002947541095,3.322168226901825,2.935771519904856,3.063313830744163
2022-05-25,4.067405542865556,3.960255996046974,3.639826332845203,2.9211242584486268,3.402160660416389
2022-05-26,3.9419363015067908,4.0204109818731,3.6231351797351143,3.189216762829676,3.3050563538530424
2022-05-27,4.049068924005145,4.18750937765434,3.6466503660665133,3.1570905191027694,3.3063338714318977
2022-05-28,3.8904106135537893,3.898715627471282,3.4342124628061663,2.939360138474992,3.078310845815904
2022-05-29,3.622106433308699,3.6298386876456763,3.197370223991948,2.7366456461663713,2.8660135461044627
2022-05-30,3.7303779924021176,3.657235059217573,3.6017455396244884,2.876596008526049,3.310152267372432
2022-05-31,4.179410646333792,3.960472100021626,3.8610672261530974,2.8660298168200824,3.4027633180532986
2022-06-01,4.235712064312836,3.687336093123583,3.8681733058349805,2.7622824580321295,3.3056174488943024
2022-06-02,4.615440429098737,3.6552211115530273,4.109120663659419,2.618735154526285,3.536068708797652
2022-06-03,4.762258649815405,3.704672406060012,4.33345096232355,3.189411689742276,3.658941802949144
2022-06-04,4.554414841032306,3.4491777573662175,4.073647500700648,3.767686157508707,3.452443476659499
2022-06-05,4.257544097537078,3.3223954589392557,3.8317615191896714,3.786221418800633,3.2143439265450504
2022-06-06,4.687447300104376,3.7598169156366605,3.840888682110412,3.9007421800956985,3.4969323998345065
2022-06-07,4.863753193213966,3.8337952863186704,4.044662512688854,3.772590282957523,3.8517169883107973
2022-06-08,4.821178078231999,3.6804876410674017,3.9219411721700332,3.5124116427535554,3.9069787478924667
2022-06-09,4.833219673321513,3.426660907200684,4.042014724980021,3.270176357046414,3.7750594008135288
2022-06-10,4.637708832596719,3.301431494992034,3.8804207650761895,3.0446469531121787,3.5605529643263396
2022-06-11,4.438454666380425,3.1848385939701878,3.651860765332416,2.8346713011734077,3.314997587476247
2022-06-12,4.184034839806223,3.187378612341247,3.4781187496255583,2.6391767286786902,3.086377064202023
2022-06-13,4.119429525651965,3.1897434570315424,3.316358941898483,2.6449842804104726,3.05689342439479
2022-06-14,4.19709440439193,2.9697611496500564,3.321975884715755,2.5095265063957766,3.3961830407118008
2022-06-15,4.252176252849724,3.098226124882867,3.4053159030341087,2.3834106478303703,3.299490983783253
2022-06-16,4.61354232460884,3.5511075356531263,3.600074010183919,2.594676979537178,3.622049733935542
2022-06-17,4.79494511258019,3.8616637160133482,3.4689587202660253,3.120057764256046,3.509780663681219
2022-06-18,4.757115382469518,3.8175261397607407,3.3078306387016765,2.951836301700276,3.267726824806652
2022-06-19,4.566853113527619,3.665340504616915,3.1187596131906288,2.795216319320766,3.0423663541303307
2022-06-20,4.648114856600503,3.634742460184751,3.059893645050995,2.8372174549529143,2.9242329602936583
2022-06-21,4.70654550978205,3.7173466553806858,3.122253075153713,2.782412090583207,3.2268290864280376
2022-06-22,4.674812304002284,3.5720699501941056,3.180311854904519,2.872251211452248,3.1418166125535425
2022-06-23,4.731401753914744,3.6589963874583606,3.3905874826149898,3.096759335819436,3.0626670679117716
2022-06-24,4.87022264188548,3.739927898014737,3.703527019198839,3.0609476945878558,3.3098735265035715
2022-06-25,5.15451116124882,3.815277925084466,3.916774067909115,2.9907126585191866,3.585873751520026
2022-06-26,5.350286248834964,3.8854313985631794,3.7638173946998283,3.06618622297885,3.521942064311551
2022-06-27,5.515332774494373,4.061838731124414,3.7776303593095233,3.0894997790483725,3.554104434393218
2022-06-28,5.548408958904137,3.7817119220813513,3.90765638197196,2.970340698727435,3.721576173107036
2022-06-29,5.510296700154193,3.7430882626516393,3.9896598672927475,2.906354420993967,3.694128185909753
2022-06-30,5.6470811905259675,3.5960362742049936,4.144118390700582,2.9876457949381283,3.806100626467308
2022-07-01,5.619390782033241,3.6813098615374633,4.209814151281464,2.8755111273144487,3.726980878917642
2022-07-02,5.300753917162396,3.6496104821452615,3.9975925917160513,2.677200015085866,3.4699477148543556
2022-07-03,5.021318840237919,3.5090052371818135,3.800007001775839,2.49256553128684,3.2764834636057305
2022-07-04,4.898969801915957,3.7113729946659015,3.811324131414774,2.3676193951427402,3.0963615745121817
2022-07-05,5.06068793627992,3.7886923254148606,3.978081671090056,2.298245168884259,3.157874323200702
2022-07-06,5.262933591105299,3.8606792885259598,4.094283465353836,2.186700437043785,3.4443572518932157
2022-07-07,5.055014139523104,3.5944255444896873,3.968139990168464,2.03589351035111,3.4360278109865416
2022-07-08,5.102609604941127,3.7909022462973696,3.9288065158636676,2.083306801277898,3.4282728142803274
2022-07-09,4.97465430698446,3.640552741737225,3.6969095677897235,2.315269949988324,3.3752101572263147
2022-07-10,4.648801531354601,3.5005721685260553,3.441950287252501,2.155596160333957,3.1424370429348443
2022-07-11,4.483236014927626,3.3702454279501395,3.3607953071086003,2.147799161110384,3.063244709990914
2022-07-12,4.397996136971891,3.4710907977829444,3.4024028984487247,1.9996750810338058,2.989513917250014
2022-07-13,4.266954376043827,3.5649813145238314,3.2068096481275354,1.8617664547556125,2.829183031353412
2022-07-14,4.299991463673802,3.541304593546363,3.3371473909548346,1.9211885081372624,2.8174369110529796
2022-07-15,4.468564785454258,3.4081687202104254,3.5756620002336623,2.070422358830162,3.1732407696694254
2022-07-16,4.315429389434203,3.6174907202442634,3.4462302972088894,1.974589544924453,2.9543965786577413
2022-07-17,4.017813569473224,3.6298683858224114,3.208559242228966,1.8384109556193184,2.750645090474449
2022-07-18,4.048960217972855,3.601716694410558,3.211846840733937,1.8994437330793332,3.0652127938377385
2022-07-19,4.2692997029535835,3.464414469290883,3.3418371909676914,1.8623574835148804,3.1747162220037564
2022-07-20,4.288639676097828,3.5587654224794987,3.697194042064561,1.874783841313313,3.1915316410081713
2022-07-21,4.312183053909866,3.7577014430465048,3.7156017206491008,1.7454884039813607,3.246480936834899
2022-07-22,4.25596676363477,3.6096416490553853,3.5374637769893686,1.7190197633202162,3.0225856998118026
2022-07-23,4.014132309663715,3.693976934674035,3.3325559833205487,1.6004666761946837,2.859974001324732
2022-07-24,3.737295598652425,3.6614039640310345,3.1417797616288894,1.5370445990224564,2.6627344150264745
2022-07-25,3.841314541323391,3.5199853754892576,3.1203814224791335,1.571906328165194,2.7083099973519893
2022-07-26,4.0070670908036705,3.3883197930538103,3.3347901834603215,1.5574088651465439,2.8424274114825425
2022-07-27,3.799624963259003,3.1546425659466513,3.182915104434297,1.7317309670801824,2.6922404225354217
2022-07-28,3.847664833815413,3.6036331876780285,3.2758455213927524,1.8001209851291038,2.7357811077913534
2022-07-29,3.7890306193604166,3.577290820276132,3.128035591474837,1.6759747102926137,2.638791524047024
2022-07-30,3.54494499460118,3.55276516786747,2.9123089989593303,1.5603902475138127,2.456805901698953
2022-07-31,3.4727343469400624,3.7521149990973743,2.906736229648855,1.4527771269956187,2.287371011926611
2022-08-01,3.6466793884225366,3.715532506770006,3.37021049446309,1.352585600995921,2.679731139448324
2022-08-02,3.860308715392736,3.570380915280715,3.5283344388390745,1.5879883802639045,2.899318326190986
2022-08-03,4.300380629807815,3.657423837711411,3.7006602142389977,1.901066355057874,3.1430551299119447
2022-08-04,4.348339290305892,3.9606478593089927,3.64071839559889,1.816913265550254,3.1555051456936334
2022-08-05,4.255175802989484,3.687499731080786,3.7020761717873727,1.8324737073462467,3.1670965396972743
2022-08-06,4.116756888518724,3.778368211265482,3.5248710246008628,1.706096210287885,2.948676088683669
2022-08-07,4.142925591815843,3.7399751525816924,3.359886922047905,1.6353893376609538,2.79116160475716
2022-08-08,3.9950212394707494,3.7042298910485085,3.2453362588980115,1.6634686710355193,2.690352676394499
2022-08-09,4.181550770551521,4.11531793863493,3.685458797557133,1.8304763035975047,3.074567745433183
2022-08-10,4.203250930260172,4.1647789973860245,3.7046758033490828,1.985966168396594,3.435559686911314
2022-08-11,4.344042349468948,4.210828948637044,4.035009301867925,2.263212589363711,3.702891900865165
2022-08-12,4.561258174370739,4.142611011513837,4.2993214659260195,2.81145298719799,4.040197922414469
2022-08-13,4.746266765806786,4.07909775970947,4.627700144183796,2.71146954769432,4.403358410833472
2022-08-14,5.090784461524139,4.019964732167475,4.816266340742798,2.6183815178115917,4.649788372913332
2022-08-15,5.22266241091638,4.076001874123222,5.036462515374892,2.8503361251313755,4.934889043124324
2022-08-16,5.337447157432875,4.461450474601042,5.22612962265131,3.3580852446368503,5.18886697622164
2022-08-17,5.44431571453444,4.820316412976943,5.409690387169643,3.924727053445036,5.420417494683554
2022-08-18,5.529663414525344,4.868767757148055,5.545721051623196,4.4053351818390425,5.608166072907361
2022-08-19,5.609740310232027,4.64408270011545,5.673765120421802,4.529144263104659,5.784603705026447
2022-08-20,5.343449490385712,4.990353312593806,5.438691875921399,4.404609226255339,5.431508006179746
2022-08-21,5.3022455356472795,4.868375074508064,5.33699625561926,4.194752942678748,5.423661148787645
2022-08-22,5.384471055198427,4.865901158371356,5.320424577240234,4.28109911612015,5.2788279908537685
2022-08-23,5.374891690521394,4.863597857140628,5.187830096930489,4.126715706152702,5.327353277397894
2022-08-24,5.48656079392281,4.972545433937901,5.337766641575926,4.311663972761057,5.601744430990455
2022-08-25,5.590528579848266,4.851795325414634,5.321141833130923,4.0612627716877,5.398787179680571
2022-08-26,5.549511519653899,4.850464840249887,5.38377401406716,3.875085553943359,5.439039418719401
2022-08-27,5.235693914257491,4.738134083015449,5.090589705344112,3.607838274361059,5.063933251911166
2022-08-28,4.926292070588319,4.6335502745558,4.77856977868531,3.3590218416465025,4.760538963624139
2022-08-29,4.776042939090261,4.536179142541643,4.683344594827628,3.5499595777244304,4.661438370184298
2022-08-30,4.9117851246351005,4.556615290678483,4.946183693934157,3.962503868968496,4.768914568295512
2022-08-31,4.883124294406952,4.686734078955903,4.683178027978902,3.8300925450115075,4.5775513715336045
2022-09-01,4.9081205684051925,4.69678712802969,4.594531585549248,3.5659482315624373,4.5369130997378875
2022-09-02,4.879712466192901,4.595054833706989,4.472943465439467,3.320020767316752,4.453234979669512
2022-09-03,4.594861067217838,4.5003385596824055,4.164464605753987,3.138008752825761,4.146115325899201
2022-09-04,4.295200928813263,4.412154442487104,3.916315375618641,2.921594356079156,3.9060188256129993
2022-09-05,4.136794829089037,4.218959958879391,3.880556012662109,2.7670600251217925,3.957535630897965
2022-09-06,4.282169427688926,4.0390892327618655,3.9644284889697827,2.576228299251324,4.143027016180373
2022-09-07,4.210796210922068,3.871623384307618,4.003461431132687,2.3985573820615773,4.178198429012415
2022-09-08,4.299386770702127,3.8267989343795437,4.117912897117665,2.6557340463867414,4.073416764045845
2022-09-09,4.485228627194527,3.8961578554930787,4.107305482250267,2.848219454055178,4.021703908507956
2022-09-10,4.262036673716111,3.9607334027367154,3.8630982606324205,2.6517905261893038,3.790187505972874
2022-09-11,4.071464100501826,4.131947493630809,3.674788141801424,2.468908420934869,3.5287952641816407
2022-09-12,4.204117434842109,4.4024457458546395,4.085293309225827,2.3925487446217586,3.9730673891511357
2022-09-13,4.189807609378788,4.432104886866445,4.115990746543487,2.462320057819356,3.836590204744013
2022-09-14,4.262618827172075,4.5708105995446955,4.300792020954131,2.480324621334541,3.9845801661922584
2022-09-15,4.1064597689403435,4.699950401003758,4.238517027284806,2.3092677508976758,3.9848364602821524
2022-09-16,4.098884954918525,4.486907920256964,4.063371184463403,2.3378276459247007,4.122602542038113
2022-09-17,3.8506568973864184,4.510742083723781,3.7831386889831684,2.1765981531023075,3.838285125345829
2022-09-18,3.7056821749777322,4.866208600780874,3.5612877979354662,2.0264879356469763,3.5735758063564615
2022-09-19,3.7774276902674373,4.863884096625352,3.5109578700749124,2.074549886898187,3.4188072778835044
2022-09-20,3.964813061224091,4.750627873433985,3.6984303243253565,2.1192972208217284,3.4646313186720246
2022-09-21,4.053141144407357,4.645182424255816,3.912028869233803,2.72441775146562,3.5924311293839053
2022-09-22,4.2387386261372235,4.99137719369001,4.22806215631232,3.3817157016785373,3.7572596477535374
2022-09-23,4.428763113289272,4.647144283780353,4.483244818848077,3.564380496106991,3.956563169804526
2022-09-24,4.209465333183632,4.437743604221382,4.213110746430381,3.365516086527018,3.6836967443007658
2022-09-25,3.9019305474225883,4.131692321171632,3.922551384607596,3.1334115288354996,3.4296486929696783
2022-09-26,3.953989252288719,4.402208171496094,4.0425828538012,3.3432625207585076,3.4812739767744167
2022-09-27,4.215332122537525,4.408078262017721,4.154336290636626,3.58056507956844,3.470398554841452
2022-09-28,4.441424514813897,4.437348953638969,4.219327368463298,3.799824982703801,3.50611564971416
2022-09-29,4.583017001319071,4.353508947205284,4.201725852123788,4.148182242073608,3.447684521250918
2022-09-30,4.869885974490335,4.164358980513558,4.380614360632342,4.002965513074885,3.6224955643193777
2022-10-01,4.534031769353071,3.877161809443658,4.078503025416318,3.773853860945403,3.4185107717283367
2022-10-02,4.324700913681065,3.943047428828634,3.9534478564335345,3.5135880774319266,3.2744363835745602
2022-10-03,4.250394490983713,4.226573271728476,3.9932380835989383,3.8347308780482496,3.4611955740689755
2022-10-04,4.439615125387728,4.268361548886912,4.264615509770102,3.7111314844995533,3.7726022835119046
2022-10-05,4.340156752893261,4.085083816561972,4.282945898774363,4.065605536848962,3.9708476927519705
2022-10-06,4.264784410250241,4.247722016847428,4.260956897585814,4.348678167850317,3.926208566268831
2022-10-07,4.539146795170874,4.39914378952699,4.435760506407333,4.706138418396046,3.8388055125259557
2022-10-08,4.277782683852503,4.2068465923303195,4.168901214157963,4.381577148161836,3.5740603047655455
2022-10-09,4.103351010653052,4.138903300469645,3.9204460110292407,4.079399413805847,3.3275733871955078
2022-10-10,4.027083266760977,4.075645752875223,4.040622678400664,4.391706058291833,3.6481954198710893
2022-10-11,4.197251011752559,4.016750794770072,4.230621750614262,4.276649518326157,3.9925480759310643
2022-10-12,4.32122938669624,3.9619175579135515,4.4075174385372655,4.826897001859036,4.038097346711336
2022-10-13,4.677833173362493,3.9108659235988616,4.650323874712682,4.775737163329745,4.263875239299668
2022-10-14,4.889255773192418,3.8633350916507005,4.720164137692143,4.77506052450574,4.428239755037129
2022-10-15,4.776014532597732,3.819082248112758,4.550856478207577,4.4457460055743105,4.21452888527585
2022-10-16,4.567222042243438,3.666789295151552,4.393225209032292,4.1391428327760815,3.9238717207740663
2022-10-17,4.751819332446885,3.7471833637980523,4.4807964144724695,4.18236925123164,4.0658422673236885
2022-10-18,4.889232111553336,3.710940984249948,4.523273001000118,4.5898692073952585,4.4730766679385585
2022-10-19,5.086075474266652,3.7644846738919986,4.758096294936717,4.9659117943791315,4.806383449769694
2022-10-20,5.097075115171119,3.7270491005443107,5.054835329814447,5.046029533716878,4.841648630750701
2022-10-21,5.279584477634932,3.6921952908757745,5.370164829100021,5.373843168215581,5.012009193405284
2022-10-22,5.225558174786107,3.7668696493980054,5.273195212026943,5.0971431645038,4.803880850084083
2022-10-23,5.037443169870856,3.7292695949809387,5.065747478450322,4.745616049710434,4.472578722492076
2022-10-24,5.172384585041275,3.8053546774323084,5.1459930631576345,5.075701273920982,4.805919845388486
2022-10-25,5.332473359213941,3.8999979477467654,5.238837252846437,5.347805798675766,5.16211441303337
2022-10-26,5.602109350509902,4.075400690709132,5.463366513468911,5.601144494137115,5.235061228879131
2022-10-27,5.61197411172194,4.016522633443023,5.750521448364521,5.80682624008499,5.469974863628206
2022-10-28,5.649459768161149,4.072797161517697,5.811437831638908,6.0,5.526601619371977
2022-10-29,5.380429675354206,3.791914598654407,5.527814691965498,5.586206896551724,5.191299167811792
2022-10-30,5.112726550302812,3.7525873063575883,5.224696543387392,5.247906183492804,4.833278535548908
2022-10-31,5.0185271954731325,3.715972241115723,5.25492489818239,5.214666163967899,4.866688883027901
2022-11-01,5.068639001860118,3.79297438245435,5.556455116890865,4.901988949707863,5.264534970266569
2022-11-02,5.218655812090001,4.086850090621383,5.759079697234412,4.751740486196254,5.589100908609517
2022-11-03,5.265424792764433,4.189852891580997,5.8152213680094595,4.940538530539355,5.7537555260151665
2022-11-04,5.53968482312588,4.123081579082344,6.0,4.740676540267135,5.998739627978948
2022-11-05,5.347132743176955,4.1720072143543065,5.625262121985619,4.413733330593539,5.585033446739021
2022-11-06,5.305674771004643,4.106466638216116,5.354478686426229,4.109337928483638,5.19985872627426
2022-11-07,5.422117455062387,4.1922462838719,5.610087901201234,4.107664922600927,5.2538301689962825
2022-11-08,5.547756440933492,4.125309909835944,5.651397937618356,4.0121974264760025,5.487449394082106
2022-11-09,5.526916015171283,4.06298983745764,5.730309060920389,3.7354941556845542,5.521586997644967
2022-11-10,5.4386055331577765,4.227151760439947,5.88188848865559,3.8065584139395288,5.690897746841275
2022-11-11,5.494200083201201,4.379992171492439,5.827738035584403,3.6849019489500536,5.665161941817345
2022-11-12,5.184197059629119,4.189015775539531,5.542990743914752,3.430770780056947,5.320303605950582
2022-11-13,4.964480881917591,4.2333942248489285,5.1997707456303885,3.1941658986737087,4.999228603591872
2022-11-14,5.001093188525547,4.607988180449113,5.114552444658665,3.0208335302960307,4.975351631085191
2022-11-15,5.224675657703054,4.956748070145839,5.141218308355319,2.8594551183581935,4.953121346337592
2022-11-16,5.157209338273565,4.8370874349875415,5.177203782807703,2.943980926966891,4.9782666723828815
2022-11-17,5.266664185943693,4.947863316760889,5.288817951269091,3.022677369464643,5.185047788838645
2022-11-18,5.213528937694263,4.828815423215348,5.1584032382677005,2.8611717962048324,5.010828236987507
2022-11-19,4.905655713098417,4.495793669890151,4.841706516234857,2.66384960336312,4.711096363522802
2022-11-20,4.722376115171869,4.519015023037438,4.585906172879554,2.480135837613939,4.477878141452164
2022-11-21,4.999634114973976,4.429542873886617,4.894520388588812,2.403001856702272,4.627483836351524
2022-11-22,5.051048892429869,4.457333247447941,5.064685188981951,2.2842325257019347,4.675086921706198
2022-11-23,5.202278813654941,4.372115013855016,5.262169711333595,2.1266992480673186,4.948619474191338
2022-11-24,5.084676608914666,4.514957959154745,5.2507584842846144,2.167850074324023,4.8823902987640535
2022-11-25,4.957958069304653,4.5725657895733836,5.044858111241948,2.1592079775838937,4.729043677262887
2022-11-26,4.702164085335883,4.618265521193813,4.696936862190778,2.010297082578108,4.402902734003378
2022-11-27,4.584598888017406,4.744132569435694,4.490175858341377,1.918610839448403,4.374309195830436
2022-11-28,4.664636784573753,4.861319131591927,4.649171262972858,1.8332477855000568,4.256002650393657
2022-11-29,4.980330470672488,4.859331832208056,4.8753119181527165,2.1294113185536014,4.558437566417593
2022-11-30,5.009082018292749,5.079665647288628,4.968690989777105,1.9825553655499049,4.794172414319238
2022-12-01,5.025391552712659,4.951527937844622,5.055630125427397,2.1745119541589935,4.881033918494434
2022-12-02,4.937215301165058,4.943319341477807,5.019407782317362,2.1184554824511155,4.956993278994375
2022-12-03,4.803439675168708,4.935676855205255,4.907573080967814,1.9723551043510388,4.7068166489601815
2022-12-04,4.592755795671588,4.70637737761698,4.6862854413406865,1.883285549374925,4.428051091911154
2022-12-05,4.465509165891925,4.492891657103759,4.558369469107358,1.7534037873490682,4.306038208813637
2022-12-06,4.846616286455234,4.849589238065681,4.829827542401492,1.8672540631171959,4.513337421256982
2022-12-07,4.856903522356938,4.848410896856034,4.926343467525965,2.067162465687161,4.522970185463053
2022-12-08,4.694212976229905,4.736221790890138,4.899037445650511,2.6289235617060305,4.3944111579826455
2022-12-09,4.594422963011944,4.631769864646026,5.0298354994330845,2.923875686130386,4.366403245742168
2022-12-10,4.467061356174326,4.756705578856719,4.8782264197451095,3.1917784368782107,4.111114475121969
2022-12-11,4.331256476680577,4.650840977580431,4.698017913222408,3.488160070829453,3.9651168020272025
2022-12-12,4.537664450083343,4.330093323954194,4.867786313670582,3.858011462052663,4.220486311185473
2022-12-13,4.721223974963452,4.364742287166029,5.013293083252568,4.071552827621573,4.451695203241703
2022-12-14,4.882280318409407,4.619185726042604,5.148764903208212,4.255274544789729,4.647311874020677
2022-12-15,5.2001909373713024,4.522805252546599,5.262340373710945,4.431356684595529,4.8261632765107105
2022-12-16,5.341135200324552,4.599709752758105,5.355529587826485,4.830069903448304,5.226804233164358
2022-12-17,5.2656371883004764,4.5046724498334445,5.337679748605582,4.496961634244973,5.003862438825288
2022-12-18,5.178119103977958,4.30509741399495,5.24295048191143,4.32769115406202,4.796295940647535
2022-12-19,5.303358730589266,4.341470233066044,5.115699042658844,4.592688914910749,4.949409836052549
2022-12-20,5.43122483925384,4.439426137433637,5.387775819072978,4.88636590309387,5.103522728424388
2022-12-21,5.642369888405362,4.4665349066124085,5.5629782290045515,4.971969565968531,5.439192959308175
2022-12-22,5.907860537022709,4.547320120336618,5.765152939547156,5.051669527955284,5.705871031389681
2022-12-23,6.0,4.678079954844511,5.8752741157362705,5.031963070881242,6.0
2022-12-24,5.792928877532273,4.577637810396651,5.626303699145214,4.684931134958398,5.723734359672267
2022-12-25,5.479550699892632,4.484122710393471,5.31639320524437,4.361832435995749,5.328994059005215
2022-12-26,5.256692137359587,4.730333016633669,5.066911074287824,4.061016405927077,4.9614772273496826
2022-12-27,5.255925111843854,4.737379242419333,5.264242087308029,3.7809463089665885,4.665148871791034
2022-12-28,5.3241183116330655,4.848859771840392,4.979301359740784,3.661056196044214,4.8018393439084015
2022-12-29,5.318701205132954,4.736639708979022,4.987398294870618,3.6902991717090474,4.608205472966295
2022-12-30,5.244750365191057,4.521066931130488,4.838715918945571,3.7586109585382177,4.565453125209705
2022-12-31,4.917497106950501,4.431453271076698,4.505011372811394,3.687216149590033,4.296436776695193
